source_id,organization_name,official_url,product_listing_url,source_type,geographic_scope,access_method,permission_status,permission_evidence_url,permitted_fields,media_permission,expected_refresh,last_checked_at,notes
balaroti, Balaroti,https://www.balaroti.com.br/,https://www.balaroti.com.br/,site,Londrina-PR,manual_review_before_import,discovered,,,not_assessed,,,Referência inicial; páginas oficiais de lojas em Londrina: https://lojas.balaroti.com.br/parana/londrina
eletroluz,Eletroluz,https://www.eletroluz.net/,https://www.eletroluz.net/,site,Londrina-PR,manual_review_before_import,discovered,,,not_assessed,,,Site oficial lista loja em Londrina e catálogo de elétrica/iluminação
principe-cec,Príncipe Casa e Construção,https://principecec.com.br/,https://principecec.com.br/,site,Londrina-PR,manual_review_before_import,discovered,,,not_assessed,,,Site oficial apresenta produtos para construção reforma e manutenção
deposito-londrina,Depósito Londrina,https://depositolondrina.com.br/,https://depositolondrina.com.br/,site,Londrina-PR,manual_review_before_import,discovered,,,not_assessed,,,Site oficial apresenta categorias de material básico e produtos relacionados
house-pisos,House Pisos e Acabamentos,https://housepisoseacabamentos.com.br/,https://housepisoseacabamentos.com.br/,site,Londrina-PR,manual_review_before_import,discovered,,,not_assessed,,,Site oficial apresenta pisos porcelanatos e acabamentos; conferir URLs de cada loja antes de registrar oferta
leroy-merlin-londrina,Leroy Merlin Londrina,https://www.leroymerlin.com.br/,https://www.leroymerlin.com.br/mais/londrina-p.html,site,Londrina-PR,manual_review_before_import,discovered,,,not_assessed,,,Produtos foram localizados em páginas oficiais; termos de reutilização e preço/estoque local precisam ser avaliados antes de publicação
deposito-eldorado,Depósito Eldorado,https://depositoeldoradolondrina.com.br/,https://depositoeldoradolondrina.com.br/,site,Londrina-PR,manual_review_before_import,discovered,,,not_assessed,,,"Catálogo e endereço públicos; revisar termos, campos permitidos e atualidade de cada oferta"
deposito-santiago,Depósito Santiago,https://depositosantiago.com.br/,https://depositosantiago.com.br/,site,Londrina-PR,manual_review_before_import,discovered,,,not_assessed,,,Catálogo público de materiais básicos; solicitar arquivo estruturado e condições de entrega
acofer,Açofer,https://www.acoferlondrina.com.br/,https://www.acoferlondrina.com.br/,site,Londrina-PR,manual_review_before_import,discovered,,,not_assessed,,,Fonte para pesquisar materiais de aço e construção; validar campos e termos
guapore-tintas,Guaporé Tintas,https://www.guaporetintas.com.br/,https://www.guaporetintas.com.br/,site,Londrina-PR,manual_review_before_import,discovered,,,not_assessed,,,"Catálogo de tintas; variantes por linha, cor, base e embalagem precisam ser normalizadas"
econolux,Econolux,https://www.econolux.com.br/,https://www.econolux.com.br/,site,Londrina-PR,manual_review_before_import,discovered,,,not_assessed,,,Catálogo online de elétrica e iluminação; confirmar preços e entrega para Londrina
tintas-darka,Tintas Darka,https://tintasdarka.com.br/,https://tintasdarka.com.br/lojas,site,Londrina-PR,manual_review_before_import,discovered,,,not_assessed,,,Localizador oficial lista filiais de Londrina; verificar preço por unidade e condições de atendimento
romani-acabamentos,Romani Construção e Acabamentos,https://romaniacabamentos.com.br/,https://romaniacabamentos.com.br/categoria-produto/materiais-para-construcao/,site,Londrina-PR,manual_review_before_import,discovered,,,not_assessed,,,Páginas exibem produtos e valores para orçamento em alguns casos; confirmar condições antes de criar oferta
deposito-perola,Depósito Pérola,https://peroladaconstrucao.com.br/,https://peroladaconstrucao.com.br/,site,Londrina-PR,manual_review_before_import,discovered,,,not_assessed,,,Catálogo público; vários itens apresentam consulte-nos para valor; não registrar como preço confirmado sem cotação
jm-materiais,JM Materiais,https://jmmateriais.com.br/,https://jmmateriais.com.br/,site,Londrina-PR,manual_review_before_import,discovered,,,not_assessed,,,Site oficial informa atendimento a Londrina e região e catálogo de materiais e aluguel de equipamentos; confirmar itens e preços individualmente
deposito-brasil-sul,Depósito Brasil Sul,https://depositobrasilsul.com.br/,https://depositobrasilsul.com.br/produtos/,site,Londrina-PR e região,manual_review_before_import,discovered,,,not_assessed,,,Site oficial informa unidades em Londrina e Cambé; endereço exato da unidade Londrina ainda precisa ser confirmado
aquatubos,Aquatubos Comércio de Materiais Hidráulicos,https://aquatubos.com.br/,https://aquatubos.com.br/,site,Londrina-PR,manual_review_before_import,discovered,,,not_assessed,,,Site oficial informa atendimento e orçamento de materiais hidráulicos; verificar produtos e termos antes de importação
hidrolon,Hidrolon Materiais Hidráulicos,https://www.hidrolon.com.br/,https://www.hidrolon.com.br/produtos,site,Londrina-PR,manual_review_before_import,discovered,,,not_assessed,,,"Catálogo oficial de categorias; vários itens sob orçamento, não considerar preço confirmado sem cotação"
lucicoppi,Lucicoppi Hidráulica e Elétrica,https://lucicoppi.com.br/,https://lucicoppi.com.br/,site,Londrina-PR,manual_review_before_import,discovered,,,not_assessed,,,Site oficial mostra produtos de elétrica e hidráulica; preços e estoque precisam de nova confirmação antes de oferta
deposito-romani,Depósito Romani,https://www.depositoromani.net.br/,https://www.depositoromani.net.br/,site,Londrina-PR,manual_review_before_import,discovered,,,not_assessed,,2026-10-09,"Página pública lista produtos de construção, impermeabilização e ferramentas; os itens deste lote usam IDs provisórios e URLs de origem genéricas até localizar páginas individuais. Não presumir permissão de reutilização de descrições ou imagens."
madeireira-luzitano,Madeireira Luzitano,https://www.madeireiraluzitano.com.br/,https://www.madeireiraluzitano.com.br/,site,Londrina-PR,manual_review_before_import,discovered,,"site oficial, endereço das unidades e famílias de madeira",not_assessed,,2026-10-09,"Site oficial apresenta duas unidades em Londrina e famílias de madeira; não foi encontrado catálogo de compra online completo. Não inferir preço, estoque ou permissão para reutilização em massa."
